Workbook

Sheet RESUMO
C1: RESUMO DA OBRA
C2: Cliente: | D2: =DETALHADO!D2 -> Sr. Fulano da Silva
C3: Obra: | D3: =DETALHADO!D3 -> Resindencial da Acácias
C4: Data: | D4: =DETALHADO!D4 -> 46056
C5: ID: | D5: =DETALHADO!D5 -> OBRA-2024-089
B8: TOTAL MATERIAIS | D8: TOTAL MÃO DE OBRA | H8: CUSTO TOTAL DA OBRA
B12: =SUM(DETALHADO!F:F)/2 -> 1000 | D12: =SUM(DETALHADO!H:H)/2 -> 1500 | H12: =SUM(DETALHADO!J:J)/2 -> 2500

Sheet MATERIAIS
C1: CUSTOS DE MATERIAIS
C2: Cliente: | D2: =DETALHADO!D2 -> Sr. Fulano da Silva
C3: Obra: | D3: =DETALHADO!D3 -> Resindencial da Acácias
C4: Data: | D4: =DETALHADO!D4 -> 46056
C5: ID: | D5: =DETALHADO!D5 -> OBRA-2024-089
A7: RELAÇÃO DE MATERIAIS
A9: Código | B9: Descrição do serviço | C9: Quantidade | D9: Unidade | E9: Valor Unitário | F9: Valor Serviço
A10: =IFERROR(__xludf.DUMMYFUNCTION("LET( dados, QUERY(DETALHADO!A11:K999, ""SELECT A, B, C, D, E, F WHERE E > 0 AND A IS NOT NULL AND NOT A CONTAINS 'Total'"", 0), safe_dados, IFERROR(dados, {""Nenhum item"","""","""","""","""",""""}), total, SUM(INDEX(safe_dados,,6)), VSTACK(safe_d"&"ados, HSTACK(""Total de Materiais"","""","""","""","""", TEXT(total, ""R$ #.##0,00""))) )"),"SERV-0001") -> SERV-0001 | B10: =IFERROR(__xludf.DUMMYFUNCTION("""COMPUTED_VALUE"""),"Instalação elétrica quarto") -> Instalação elétrica quarto | C10: =IFERROR(__xludf.DUMMYFUNCTION("""COMPUTED_VALUE"""),10.0) -> 10 | D10: =IFERROR(__xludf.DUMMYFUNCTION("""COMPUTED_VALUE"""),"m²") -> m² | E10: =IFERROR(__xludf.DUMMYFUNCTION("""COMPUTED_VALUE"""),100.0) -> 100 | F10: =IFERROR(__xludf.DUMMYFUNCTION("""COMPUTED_VALUE"""),1000.0) -> 1000
A11: =IFERROR(__xludf.DUMMYFUNCTION("""COMPUTED_VALUE"""),"Total de Materiais") -> Total de Materiais | B11: =IFERROR(__xludf.DUMMYFUNCTION("""COMPUTED_VALUE"""),"") | C11: =IFERROR(__xludf.DUMMYFUNCTION("""COMPUTED_VALUE"""),"") | D11: =IFERROR(__xludf.DUMMYFUNCTION("""COMPUTED_VALUE"""),"") | E11: =IFERROR(__xludf.DUMMYFUNCTION("""COMPUTED_VALUE"""),"") | F11: =IFERROR(__xludf.DUMMYFUNCTION("""COMPUTED_VALUE"""),"R$ 1.000,000") -> R$ 1.000,000

Sheet MAO_OBRA
C1: CUSTOS DE MÃO DE OBRA
C2: Cliente: | D2: =DETALHADO!D2 -> Sr. Fulano da Silva
C3: Obra: | D3: =DETALHADO!D3 -> Resindencial da Acácias
C4: Data: | D4: =DETALHADO!D4 -> 46056
C5: ID: | D5: =DETALHADO!D5 -> OBRA-2024-089
A7: RELAÇÃO DE MÃO DE OBRA
A9: Código | B9: Descrição da atividade | C9: Quantidade | D9: Unidade | E9: Valor Unitário | F9: Valor Serviço
A10: =IFERROR(__xludf.DUMMYFUNCTION("LET( dados, QUERY(DETALHADO!A11:K999, ""SELECT A, B, C, D, G, H WHERE G > 0 AND A IS NOT NULL AND NOT A CONTAINS 'Total'"", 0), safe_dados, IFERROR(dados, {""Nenhum item"","""","""","""","""",""""}), total, SUM(INDEX(safe_dados,,6)), VSTACK(safe_d"&"ados, HSTACK(""Total de Mão de Obra"","""","""","""","""", TEXT(total, ""R$ #.##0,00""))) )"),"SERV-0001") -> SERV-0001 | B10: =IFERROR(__xludf.DUMMYFUNCTION("""COMPUTED_VALUE"""),"Instalação elétrica quarto") -> Instalação elétrica quarto | C10: =IFERROR(__xludf.DUMMYFUNCTION("""COMPUTED_VALUE"""),10.0) -> 10 | D10: =IFERROR(__xludf.DUMMYFUNCTION("""COMPUTED_VALUE"""),"m²") -> m² | E10: =IFERROR(__xludf.DUMMYFUNCTION("""COMPUTED_VALUE"""),150.0) -> 150 | F10: =IFERROR(__xludf.DUMMYFUNCTION("""COMPUTED_VALUE"""),1500.0) -> 1500
A11: =IFERROR(__xludf.DUMMYFUNCTION("""COMPUTED_VALUE"""),"Total de Mão de Obra") -> Total de Mão de Obra | B11: =IFERROR(__xludf.DUMMYFUNCTION("""COMPUTED_VALUE"""),"") | C11: =IFERROR(__xludf.DUMMYFUNCTION("""COMPUTED_VALUE"""),"") | D11: =IFERROR(__xludf.DUMMYFUNCTION("""COMPUTED_VALUE"""),"") | E11: =IFERROR(__xludf.DUMMYFUNCTION("""COMPUTED_VALUE"""),"") | F11: =IFERROR(__xludf.DUMMYFUNCTION("""COMPUTED_VALUE"""),"R$ 1.500,000") -> R$ 1.500,000

Sheet DETALHADO
C1: CUSTOS DE MATERIAIS E MÃO DE OBRA
C2: Cliente: | D2: Sr. Fulano da Silva
C3: Obra: | D3: Resindencial da Acácias
C4: Data: | D4: 46056
C5: ID: | D5: OBRA-2024-089
A7: RELAÇÃO DETALHADA DE ITENS E SERVIÇOS
E9: MATERIAL | G9: MÃO DE OBRA | I9: TOTAL
A10: Código | B10: Descrição da atividade | C10: Quantidade | D10: Unidade | E10: Valor Unitário | F10: Valor Serviço | G10: Valor Unitário | H10: Valor Serviço | I10: Valor Unitário | J10: Valor Serviço | K10: OBS
A11: SERV-0001 | B11: Instalação elétrica quarto | C11: 10 | D11: m² | E11: 100 | F11: =E11*C11 -> 1000 | G11: 150 | H11: =G11*C11 -> 1500 | I11: =E11+G11 -> 250 | J11: =(E11+G11)*C11 -> 2500 | K11: Observação
A12: Total da Planilha - Valores de PURO | F12: {=SUM(INDIRECT("F11:F"&ROW()-1))} -> 1000 | H12: {=SUM(INDIRECT("H11:H"&ROW()-1))} -> 1500 | I12: =IF(OR(NOT(ISBLANK(E12)), NOT(ISBLANK(G12))), (E12+G12), "") | J12: {=SUM(INDIRECT("J11:J"&ROW()-1))} -> 2500

Sheet DADOS_GRAFICOS
A3: Tipo de Custo | B3: Total | K3: =IFERROR(__xludf.DUMMYFUNCTION("QUERY(DETALHADO!A10:J1000, ""select B, sum(J) where B is not null group by B order by sum(J) desc limit 10 label B 'Serviço', sum(J) 'Valor Total'"", 1)"),"Serviço") -> Serviço | L3: =IFERROR(__xludf.DUMMYFUNCTION("""COMPUTED_VALUE"""),"Valor Total") -> Valor Total
A4: Material | B4: =SUM(DETALHADO!F:F)/2 -> 1000 | K4: =IFERROR(__xludf.DUMMYFUNCTION("""COMPUTED_VALUE"""),"Instalação elétrica quarto") -> Instalação elétrica quarto | L4: =IFERROR(__xludf.DUMMYFUNCTION("""COMPUTED_VALUE"""),2500.0) -> 2500
A5: Mão de Obra | B5: =SUM(DETALHADO!H:H)/2 -> 1500
G14: =IF(NOT(ISBLANK(F14)),SUMIF(DETALHADO!D:D, F14,DETALHADO!C:C),"")
G15: =IF(NOT(ISBLANK(F15)),SUMIF(DETALHADO!D:D, F15,DETALHADO!C:C),"")
G16: =IF(NOT(ISBLANK(F16)),SUMIF(DETALHADO!D:D, F16,DETALHADO!C:C),"")
G17: =IF(NOT(ISBLANK(F17)),SUMIF(DETALHADO!D:D, F17,DETALHADO!C:C),"")
G18: =IF(NOT(ISBLANK(F18)),SUMIF(DETALHADO!D:D, F18,DETALHADO!C:C),"")
G19: =IF(NOT(ISBLANK(F19)),SUMIF(DETALHADO!D:D, F19,DETALHADO!C:C),"")
G20: =IF(NOT(ISBLANK(F20)),SUMIF(DETALHADO!D:D, F20,DETALHADO!C:C),"")
G21: =IF(NOT(ISBLANK(F21)),SUMIF(DETALHADO!D:D, F21,DETALHADO!C:C),"")
G22: =IF(NOT(ISBLANK(F22)),SUMIF(DETALHADO!D:D, F22,DETALHADO!C:C),"")
G23: =IF(NOT(ISBLANK(F23)),SUMIF(DETALHADO!D:D, F23,DETALHADO!C:C),"")
G24: =IF(NOT(ISBLANK(F24)),SUMIF(DETALHADO!D:D, F24,DETALHADO!C:C),"")
G25: =IF(NOT(ISBLANK(F25)),SUMIF(DETALHADO!D:D, F25,DETALHADO!C:C),"")
... G1000: =IF(NOT(ISBLANK(F1000)),SUMIF(DETALHADO!D:D, F1000,DETALHADO!C:C),"")
